x,y
0,0.00E+00
0.001,1.08E+00
0.002,3.36E+00
0.003,5.27E+00
0.004,5.54E+00
0.005,4.12E+00
0.006,1.53E+00
0.007,-1.36E+00
0.008,-3.62E+00
0.009,-4.56E+00
0.01,-3.94E+00
0.011,-2.07E+00
0.012,3.86E-01
0.013,2.61E+00
0.014,3.94E+00
0.015,4.07E+00
0.016,3.14E+00
0.017,1.60E+00
0.018,6.42E-02
0.019,-9.69E-01
0.02,-1.24E+00
0.021,-8.41E-01
0.022,-6.60E-02
0.023,6.80E-01
0.024,1.11E+00
0.025,1.13E+00
0.026,9.14E-01
0.027,7.29E-01
0.028,8.56E-01
0.029,1.38E+00
0.03,2.17E+00
0.031,2.89E+00
0.032,3.15E+00
0.033,2.66E+00
0.034,1.46E+00
0.035,-1.40E-01
0.036,-1.58E+00
0.037,-2.28E+00
0.038,-1.83E+00
0.039,-2.39E-01
0.04,2.12E+00
0.041,4.49E+00
0.042,6.10E+00
0.043,6.32E+00
0.044,5.00E+00
0.045,2.49E+00
0.046,-4.20E-01
0.047,-2.80E+00
0.048,-3.82E+00
0.049,-3.11E+00
0.05,-8.58E-01
0.051,2.23E+00
0.052,5.20E+00
0.053,7.07E+00
0.054,7.31E+00
0.055,5.86E+00
0.056,3.25E+00
0.057,3.40E-01
0.058,-1.91E+00
0.059,-2.83E+00
0.06,-2.19E+00
0.061,-3.18E-01
0.062,2.13E+00
0.063,4.33E+00
0.064,5.63E+00
0.065,5.73E+00
0.066,4.78E+00
0.067,3.22E+00
0.068,1.68E+00
0.069,6.40E-01
0.07,3.69E-01
0.071,7.65E-01
0.072,1.54E+00
0.073,2.26E+00
0.074,2.67E+00
0.075,2.67E+00
0.076,2.44E+00
0.077,2.24E+00
0.078,2.37E+00
0.079,2.88E+00
0.08,3.66E+00
0.081,4.35E+00
0.082,4.59E+00
0.083,4.07E+00
0.084,2.85E+00
0.085,1.23E+00
0.086,-2.17E-01
0.087,-9.23E-01
0.088,-4.69E-01
0.089,1.12E+00
0.09,3.47E+00
0.091,5.82E+00
0.092,7.39E+00
0.093,7.56E+00
0.094,6.21E+00
0.095,3.67E+00
0.096,7.42E-01
0.097,-1.64E+00
0.098,-2.65E+00
0.099,-1.94E+00
0.1,3.23E-01
0.101,3.40E+00
0.102,6.33E+00
0.103,8.16E+00
0.104,8.36E+00
0.105,6.85E+00
0.106,4.21E+00
0.107,1.28E+00
0.108,-9.58E-01
0.109,-1.88E+00
0.11,-1.24E+00
0.111,6.27E-01
0.112,3.06E+00
0.113,5.22E+00
0.114,6.49E+00
0.115,6.55E+00
0.116,5.56E+00
0.117,3.97E+00
0.118,2.42E+00
0.119,1.36E+00
0.12,1.09E+00
0.121,1.47E+00
0.122,2.22E+00
0.123,2.92E+00
0.124,3.31E+00
0.125,3.27E+00
0.126,3.02E+00
0.127,2.80E+00
0.128,2.91E+00
0.129,3.40E+00
0.13,4.17E+00
0.131,4.83E+00
0.132,5.03E+00
0.133,4.48E+00
0.134,3.23E+00
0.135,1.57E+00
0.136,1.17E-01
0.137,-6.00E-01
0.138,-1.44E-01
0.139,1.44E+00
0.14,3.77E+00
0.141,6.08E+00
0.142,7.62E+00
0.143,7.74E+00
0.144,6.35E+00
0.145,3.75E+00
0.146,8.12E-01
0.147,-1.58E+00
0.148,-2.58E+00
0.149,-1.87E+00
0.15,3.93E-01
0.151,3.44E+00
0.152,6.35E+00
0.153,8.13E+00
0.154,8.27E+00
0.155,6.71E+00
0.156,4.04E+00
0.157,1.09E+00
0.158,-1.15E+00
0.159,-2.08E+00
0.16,-1.43E+00
0.161,4.23E-01
0.162,2.84E+00
0.163,4.96E+00
0.164,6.19E+00
0.165,6.20E+00
0.166,5.18E+00
0.167,3.56E+00
0.168,1.99E+00
0.169,9.22E-01
0.17,6.41E-01
0.171,9.99E-01
0.172,1.74E+00
0.173,2.40E+00
0.174,2.77E+00
0.175,2.70E+00
0.176,2.43E+00
0.177,2.18E+00
0.178,2.28E+00
0.179,2.75E+00
0.18,3.51E+00
0.181,4.13E+00
0.182,4.31E+00
0.183,3.71E+00
0.184,2.44E+00
0.185,7.53E-01
0.186,-7.11E-01
0.187,-1.44E+00
0.188,-9.78E-01
0.189,5.93E-01
0.19,2.92E+00
0.191,5.20E+00
0.192,6.70E+00
0.193,6.77E+00
0.194,5.33E+00
0.195,2.70E+00
0.196,-2.53E-01
0.197,-2.66E+00
0.198,-3.64E+00
0.199,-2.93E+00
0.2,-6.57E-01
0.201,2.37E+00
0.202,5.26E+00
0.203,6.98E+00
0.204,7.09E+00
0.205,5.48E+00
0.206,2.78E+00
0.207,-1.88E-01
0.208,-2.43E+00
0.209,-3.35E+00
0.21,-2.69E+00
0.211,-8.43E-01
0.212,1.57E+00
0.213,3.65E+00
0.214,4.86E+00
0.215,4.82E+00
0.216,3.78E+00
0.217,2.13E+00
0.218,5.57E-01
0.219,-5.23E-01
0.22,-8.02E-01
0.221,-4.55E-01
0.222,2.77E-01
0.223,9.16E-01
0.224,1.26E+00
0.225,1.17E+00
0.226,8.92E-01
0.227,6.28E-01
0.228,7.27E-01
0.229,1.18E+00
0.23,1.93E+00
0.231,2.54E+00
0.232,2.69E+00
0.233,2.07E+00
0.234,7.75E-01
0.235,-9.29E-01
0.236,-2.39E+00
0.237,-3.12E+00
0.238,-2.64E+00
0.239,-1.07E+00
0.24,1.26E+00
0.241,3.51E+00
0.242,4.99E+00
0.243,5.02E+00
0.244,3.56E+00
0.245,8.98E-01
0.246,-2.06E+00
0.247,-4.46E+00
0.248,-5.42E+00
0.249,-4.69E+00
0.25,-2.40E+00
0.251,6.21E-01
0.252,3.49E+00
0.253,5.18E+00
0.254,5.25E+00
0.255,3.61E+00
0.256,8.99E-01
0.257,-2.08E+00
0.258,-4.30E+00
0.259,-5.20E+00
0.26,-4.52E+00
0.261,-2.67E+00
0.262,-2.58E-01
0.263,1.81E+00
0.264,2.99E+00
0.265,2.93E+00
0.266,1.88E+00
0.267,2.13E-01
0.268,-1.35E+00
0.269,-2.43E+00
0.27,-2.69E+00
0.271,-2.34E+00
0.272,-1.60E+00
0.273,-9.71E-01
0.274,-6.27E-01
0.275,-7.28E-01
0.276,-1.01E+00
0.277,-1.27E+00
0.278,-1.16E+00
0.279,-7.01E-01
0.28,5.28E-02
0.281,6.48E-01
0.282,8.03E-01
0.283,1.61E-01
0.284,-1.13E+00
0.285,-2.84E+00
0.286,-4.29E+00
0.287,-5.00E+00
0.288,-4.50E+00
0.289,-2.91E+00
0.29,-5.65E-01
0.291,1.68E+00
0.292,3.15E+00
0.293,3.15E+00
0.294,1.67E+00
0.295,-9.95E-01
0.296,-3.94E+00
0.297,-6.32E+00
0.298,-7.24E+00
0.299,-6.48E+00
0.3,-4.16E+00
0.301,-1.13E+00
0.302,1.74E+00
0.303,3.41E+00
0.304,3.46E+00
0.305,1.80E+00
0.306,-9.09E-01
0.307,-3.88E+00
0.308,-6.07E+00
0.309,-6.94E+00
0.31,-6.22E+00
0.311,-4.35E+00
0.312,-1.92E+00
0.313,1.43E-01
0.314,1.32E+00
0.315,1.25E+00
0.316,1.95E-01
0.317,-1.46E+00
0.318,-3.01E+00
0.319,-4.06E+00
0.32,-4.30E+00
0.321,-3.93E+00
0.322,-3.17E+00
0.323,-2.54E+00
0.324,-2.18E+00
0.325,-2.28E+00
0.326,-2.54E+00
0.327,-2.79E+00
0.328,-2.65E+00
0.329,-2.18E+00
0.33,-1.40E+00
0.331,-8.03E-01
0.332,-6.40E-01
0.333,-1.28E+00
0.334,-2.57E+00
0.335,-4.27E+00
0.336,-5.68E+00
0.337,-6.36E+00
0.338,-5.82E+00
0.339,-4.20E+00
0.34,-1.83E+00
0.341,4.20E-01
0.342,1.89E+00
0.343,1.88E+00
0.344,4.00E-01
0.345,-2.27E+00
0.346,-5.19E+00
0.347,-7.54E+00
0.348,-8.41E+00
0.349,-7.61E+00
0.35,-5.24E+00
0.351,-2.19E+00
0.352,6.89E-01
0.353,2.35E+00
0.354,2.40E+00
0.355,7.25E-01
0.356,-1.97E+00
0.357,-4.92E+00
0.358,-7.06E+00
0.359,-7.89E+00
0.36,-7.12E+00
0.361,-5.22E+00
0.362,-2.76E+00
0.363,-6.98E-01
0.364,4.91E-01
0.365,4.11E-01
0.366,-6.29E-01
0.367,-2.27E+00
0.368,-3.78E+00
0.369,-4.81E+00
0.37,-5.01E+00
0.371,-4.61E+00
0.372,-3.83E+00
0.373,-3.18E+00
0.374,-2.80E+00
0.375,-2.89E+00
0.376,-3.12E+00
0.377,-3.35E+00
0.378,-3.18E+00
0.379,-2.68E+00
0.38,-1.88E+00
0.381,-1.26E+00
0.382,-1.09E+00
0.383,-1.72E+00
0.384,-2.99E+00
0.385,-4.67E+00
0.386,-6.05E+00
0.387,-6.69E+00
0.388,-6.10E+00
0.389,-4.45E+00
0.39,-2.05E+00
0.391,2.19E-01
0.392,1.69E+00
0.393,1.68E+00
0.394,2.05E-01
0.395,-2.46E+00
0.396,-5.35E+00
0.397,-7.66E+00
0.398,-8.47E+00
0.399,-7.62E+00
0.4,-5.21E+00
0.401,-2.13E+00
0.402,7.60E-01
0.403,2.42E+00
0.404,2.46E+00
0.405,7.85E-01
0.406,-1.89E+00
0.407,-4.81E+00
0.408,-6.91E+00
0.409,-7.70E+00
0.41,-6.87E+00
0.411,-4.94E+00
0.412,-2.46E+00
0.413,-3.81E-01
0.414,8.17E-01
0.415,7.37E-01
0.416,-2.89E-01
0.417,-1.92E+00
0.418,-3.40E+00
0.419,-4.39E+00
0.42,-4.55E+00
0.421,-4.13E+00
0.422,-3.31E+00
0.423,-2.65E+00
0.424,-2.25E+00
0.425,-2.33E+00
0.426,-2.53E+00
0.427,-2.74E+00
0.428,-2.54E+00
0.429,-2.01E+00
0.43,-1.18E+00
0.431,-5.55E-01
0.432,-3.61E-01
0.433,-9.94E-01
0.434,-2.24E+00
0.435,-3.91E+00
0.436,-5.25E+00
0.437,-5.86E+00
0.438,-5.22E+00
0.439,-3.54E+00
0.44,-1.10E+00
0.441,1.17E+00
0.442,2.65E+00
0.443,2.62E+00
0.444,1.15E+00
0.445,-1.51E+00
0.446,-4.37E+00
0.447,-6.65E+00
0.448,-7.41E+00
0.449,-6.52E+00
0.45,-4.06E+00
0.451,-9.65E-01
0.452,1.94E+00
0.453,3.59E+00
0.454,3.62E+00
0.455,1.94E+00
0.456,-7.25E-01
0.457,-3.63E+00
0.458,-5.69E+00
0.459,-6.44E+00
0.46,-5.56E+00
0.461,-3.60E+00
0.462,-1.09E+00
0.463,9.83E-01
0.464,2.18E+00
0.465,2.09E+00
0.466,1.07E+00
0.467,-5.47E-01
0.468,-2.00E+00
0.469,-2.97E+00
0.47,-3.09E+00
0.471,-2.65E+00
0.472,-1.82E+00
0.473,-1.15E+00
0.474,-7.38E-01
0.475,-8.07E-01
0.476,-9.98E-01
0.477,-1.19E+00
0.478,-9.65E-01
0.479,-4.26E-01
0.48,4.25E-01
0.481,1.05E+00
0.482,1.25E+00
0.483,6.16E-01
0.484,-6.27E-01
0.485,-2.28E+00
0.486,-3.60E+00
0.487,-4.19E+00
0.488,-3.52E+00
0.489,-1.81E+00
0.49,6.46E-01
0.491,2.92E+00
0.492,4.39E+00
0.493,4.34E+00
0.494,2.86E+00
0.495,1.99E-01
0.496,-2.65E+00
0.497,-4.90E+00
0.498,-5.62E+00
0.499,-4.70E+00
0.5,-2.21E+00
0.501,8.90E-01
0.502,3.79E+00
0.503,5.42E+00
0.504,5.44E+00
0.505,3.73E+00
0.506,1.07E+00
0.507,-1.83E+00
0.508,-3.86E+00
0.509,-4.58E+00
0.51,-3.68E+00
0.511,-1.70E+00
0.512,8.15E-01
0.513,2.88E+00
0.514,4.07E+00
0.515,3.96E+00
0.516,2.93E+00
0.517,1.31E+00
0.518,-1.30E-01
0.519,-1.09E+00
0.52,-1.20E+00
0.521,-7.51E-01
0.522,9.22E-02
0.523,7.54E-01
0.524,1.16E+00
0.525,1.08E+00
0.526,8.96E-01
0.527,7.02E-01
0.528,9.39E-01
0.529,1.48E+00
0.53,2.33E+00
0.531,2.95E+00
0.532,3.14E+00
0.533,2.48E+00
0.534,1.23E+00
0.535,-4.31E-01
0.536,-1.74E+00
0.537,-2.32E+00
0.538,-1.62E+00
0.539,9.38E-02
0.54,2.55E+00
0.541,4.81E+00
0.542,6.26E+00
0.543,6.18E+00
0.544,4.68E+00
0.545,1.99E+00
0.546,-8.56E-01
0.547,-3.10E+00
0.548,-3.80E+00
0.549,-2.85E+00
0.55,-3.53E-01
0.551,2.74E+00
0.552,5.63E+00
0.553,7.21E+00
0.554,7.20E+00
0.555,5.46E+00
0.556,2.78E+00
0.557,-1.28E-01
0.558,-2.14E+00
0.559,-2.85E+00
0.56,-1.93E+00
0.561,4.97E-02
0.562,2.56E+00
0.563,4.60E+00
0.564,5.76E+00
0.565,5.61E+00
0.566,4.57E+00
0.567,2.92E+00
0.568,1.48E+00
0.569,5.17E-01
0.57,4.17E-01
0.571,8.54E-01
0.572,1.69E+00
0.573,2.33E+00
0.574,2.72E+00
0.575,2.62E+00
0.576,2.42E+00
0.577,2.21E+00
0.578,2.45E+00
0.579,2.97E+00
0.58,3.82E+00
0.581,4.41E+00
0.582,4.58E+00
0.583,3.89E+00
0.584,2.62E+00
0.585,9.34E-01
0.586,-3.78E-01
0.587,-9.56E-01
0.588,-2.54E-01
0.589,1.46E+00
0.59,3.91E+00
0.591,6.13E+00
0.592,7.55E+00
0.593,7.42E+00
0.594,5.88E+00
0.595,3.16E+00
0.596,3.02E-01
0.597,-1.95E+00
0.598,-2.63E+00
0.599,-1.68E+00
0.6,8.26E-01
0.601,3.90E+00
0.602,6.76E+00
0.603,8.29E+00
0.604,8.23E+00
0.605,6.44E+00
0.606,3.74E+00
0.607,8.16E-01
0.608,-1.19E+00
0.609,-1.90E+00
0.61,-9.72E-01
0.611,9.94E-01
0.612,3.49E+00
0.613,5.49E+00
0.614,6.61E+00
0.615,6.42E+00
0.616,5.35E+00
0.617,3.67E+00
0.618,2.22E+00
0.619,1.24E+00
0.62,1.14E+00
0.621,1.55E+00
0.622,2.37E+00
0.623,2.99E+00
0.624,3.35E+00
0.625,3.22E+00
0.626,3.00E+00
0.627,2.77E+00
0.628,2.99E+00
0.629,3.50E+00
0.63,4.32E+00
0.631,4.88E+00
0.632,5.02E+00
0.633,4.29E+00
0.634,2.99E+00
0.635,1.28E+00
0.636,-4.48E-02
0.637,-6.32E-01
0.638,6.99E-02
0.639,1.77E+00
0.64,4.20E+00
0.641,6.39E+00
0.642,7.77E+00
0.643,7.59E+00
0.644,6.00E+00
0.645,3.24E+00
0.646,3.71E-01
0.647,-1.89E+00
0.648,-2.56E+00
0.649,-1.61E+00
0.65,8.94E-01
0.651,3.94E+00
0.652,6.77E+00
0.653,8.25E+00
0.654,8.14E+00
0.655,6.30E+00
0.656,3.57E+00
0.657,6.23E-01
0.658,-1.39E+00
0.659,-2.10E+00
0.66,-1.16E+00
0.661,7.87E-01
0.662,3.26E+00
0.663,5.22E+00
0.664,6.30E+00
0.665,6.07E+00
0.666,4.96E+00
0.667,3.26E+00
0.668,1.79E+00
0.669,7.97E-01
0.67,6.85E-01
0.671,1.09E+00
0.672,1.89E+00
0.673,2.47E+00
0.674,2.81E+00
0.675,2.64E+00
0.676,2.40E+00
0.677,2.15E+00
0.678,2.36E+00
0.679,2.84E+00
0.68,3.65E+00
0.681,4.18E+00
0.682,4.29E+00
0.683,3.52E+00
0.684,2.19E+00
0.685,4.55E-01
0.686,-8.75E-01
0.687,-1.47E+00
0.688,-7.66E-01
0.689,9.23E-01
0.69,3.35E+00
0.691,5.50E+00
0.692,6.84E+00
0.693,6.61E+00
0.694,4.98E+00
0.695,2.19E+00
0.696,-6.96E-01
0.697,-2.96E+00
0.698,-3.62E+00
0.699,-2.67E+00
0.7,-1.59E-01
0.701,2.87E+00
0.702,5.67E+00
0.703,7.10E+00
0.704,6.95E+00
0.705,5.06E+00
0.706,2.30E+00
0.707,-6.57E-01
0.708,-2.66E+00
0.709,-3.37E+00
0.71,-2.42E+00
0.711,-4.80E-01
0.712,1.98E+00
0.713,3.91E+00
0.714,4.96E+00
0.715,4.69E+00
0.716,3.55E+00
0.717,1.82E+00
0.718,3.54E-01
0.719,-6.48E-01
0.72,-7.59E-01
0.721,-3.70E-01
0.722,4.22E-01
0.723,9.79E-01
0.724,1.30E+00
0.725,1.11E+00
0.726,8.60E-01
0.727,5.94E-01
0.728,8.01E-01
0.729,1.27E+00
0.73,2.07E+00
0.731,2.58E+00
0.732,2.67E+00
0.733,1.87E+00
0.734,5.27E-01
0.735,-1.23E+00
0.736,-2.55E+00
0.737,-3.15E+00
0.738,-2.43E+00
0.739,-7.40E-01
0.74,1.68E+00
0.741,3.81E+00
0.742,5.12E+00
0.743,4.85E+00
0.744,3.20E+00
0.745,3.79E-01
0.746,-2.50E+00
0.747,-4.76E+00
0.748,-5.40E+00
0.749,-4.43E+00
0.75,-1.90E+00
0.751,1.12E+00
0.752,3.89E+00
0.753,5.29E+00
0.754,5.11E+00
0.755,3.19E+00
0.756,4.16E-01
0.757,-2.54E+00
0.758,-4.53E+00
0.759,-5.22E+00
0.76,-4.25E+00
0.761,-2.31E+00
0.762,1.52E-01
0.763,2.06E+00
0.764,3.09E+00
0.765,2.79E+00
0.766,1.65E+00
0.767,-9.00E-02
0.768,-1.55E+00
0.769,-2.55E+00
0.77,-2.65E+00
0.771,-2.25E+00
0.772,-1.46E+00
0.773,-9.10E-01
0.774,-5.94E-01
0.775,-7.90E-01
0.776,-1.04E+00
0.777,-1.30E+00
0.778,-1.08E+00
0.779,-6.09E-01
0.78,1.96E-01
0.781,6.94E-01
0.782,7.75E-01
0.783,-3.63E-02
0.784,-1.38E+00
0.785,-3.14E+00
0.786,-4.45E+00
0.787,-5.02E+00
0.788,-4.28E+00
0.789,-2.57E+00
0.79,-1.42E-01
0.791,1.98E+00
0.792,3.28E+00
0.793,2.98E+00
0.794,1.32E+00
0.795,-1.51E+00
0.796,-4.38E+00
0.797,-6.61E+00
0.798,-7.21E+00
0.799,-6.21E+00
0.8,-3.66E+00
0.801,-6.34E-01
0.802,2.14E+00
0.803,3.51E+00
0.804,3.31E+00
0.805,1.38E+00
0.806,-1.39E+00
0.807,-4.34E+00
0.808,-6.29E+00
0.809,-6.95E+00
0.81,-5.95E+00
0.811,-3.98E+00
0.812,-1.51E+00
0.813,3.92E-01
0.814,1.42E+00
0.815,1.11E+00
0.816,-3.54E-02
0.817,-1.77E+00
0.818,-3.21E+00
0.819,-4.18E+00
0.82,-4.25E+00
0.821,-3.84E+00
0.822,-3.03E+00
0.823,-2.47E+00
0.824,-2.15E+00
0.825,-2.34E+00
0.826,-2.57E+00
0.827,-2.82E+00
0.828,-2.58E+00
0.829,-2.08E+00
0.83,-1.26E+00
0.831,-7.56E-01
0.832,-6.68E-01
0.833,-1.48E+00
0.834,-2.82E+00
0.835,-4.56E+00
0.836,-5.84E+00
0.837,-6.38E+00
0.838,-5.60E+00
0.839,-3.86E+00
0.84,-1.41E+00
0.841,7.19E-01
0.842,2.02E+00
0.843,1.71E+00
0.844,3.99E-02
0.845,-2.78E+00
0.846,-5.62E+00
0.847,-7.82E+00
0.848,-8.37E+00
0.849,-7.33E+00
0.85,-4.74E+00
0.851,-1.69E+00
0.852,1.09E+00
0.853,2.46E+00
0.854,2.25E+00
0.855,3.05E-01
0.856,-2.45E+00
0.857,-5.37E+00
0.858,-7.28E+00
0.859,-7.89E+00
0.86,-6.85E+00
0.861,-4.85E+00
0.862,-2.35E+00
0.863,-4.46E-01
0.864,5.85E-01
0.865,2.74E-01
0.866,-8.57E-01
0.867,-2.57E+00
0.868,-3.98E+00
0.869,-4.92E+00
0.87,-4.95E+00
0.871,-4.52E+00
0.872,-3.68E+00
0.873,-3.11E+00
0.874,-2.77E+00
0.875,-2.94E+00
0.876,-3.15E+00
0.877,-3.38E+00
0.878,-3.10E+00
0.879,-2.58E+00
0.88,-1.73E+00
0.881,-1.21E+00
0.882,-1.11E+00
0.883,-1.92E+00
0.884,-3.23E+00
0.885,-4.96E+00
0.886,-6.20E+00
0.887,-6.70E+00
0.888,-5.87E+00
0.889,-4.10E+00
0.89,-1.62E+00
0.891,5.19E-01
0.892,1.82E+00
0.893,1.51E+00
0.894,-1.54E-01
0.895,-2.97E+00
0.896,-5.78E+00
0.897,-7.93E+00
0.898,-8.43E+00
0.899,-7.33E+00
0.9,-4.70E+00
0.901,-1.63E+00
0.902,1.16E+00
0.903,2.52E+00
0.904,2.31E+00
0.905,3.67E-01
0.906,-2.37E+00
0.907,-5.26E+00
0.908,-7.13E+00
0.909,-7.69E+00
0.91,-6.59E+00
0.911,-4.56E+00
0.912,-2.04E+00
0.913,-1.27E-01
0.914,9.12E-01
0.915,6.01E-01
0.916,-5.17E-01
0.917,-2.21E+00
0.918,-3.59E+00
0.919,-4.50E+00
0.92,-4.49E+00
0.921,-4.03E+00
0.922,-3.16E+00
0.923,-2.58E+00
0.924,-2.21E+00
0.925,-2.38E+00
0.926,-2.56E+00
0.927,-2.76E+00
0.928,-2.45E+00
0.929,-1.91E+00
0.93,-1.03E+00
0.931,-5.03E-01
0.932,-3.86E-01
0.933,-1.18E+00
0.934,-2.49E+00
0.935,-4.19E+00
0.936,-5.40E+00
0.937,-5.87E+00
0.938,-4.99E+00
0.939,-3.19E+00
0.94,-6.74E-01
0.941,1.47E+00
0.942,2.78E+00
0.943,2.45E+00
0.944,7.92E-01
0.945,-2.01E+00
0.946,-4.80E+00
0.947,-6.91E+00
0.948,-7.36E+00
0.949,-6.22E+00
0.95,-3.55E+00
0.951,-4.59E-01
0.952,2.34E+00
0.953,3.69E+00
0.954,3.47E+00
0.955,1.52E+00
0.956,-1.20E+00
0.957,-4.07E+00
0.958,-5.89E+00
0.959,-6.42E+00
0.96,-5.28E+00
0.961,-3.22E+00
0.962,-6.79E-01
0.963,1.24E+00
0.964,2.27E+00
0.965,1.96E+00
0.966,8.48E-01
0.967,-8.35E-01
0.968,-2.18E+00
0.969,-3.07E+00
0.97,-3.03E+00
0.971,-2.55E+00
0.972,-1.66E+00
0.973,-1.07E+00
0.974,-7.01E-01
0.975,-8.57E-01
0.976,-1.02E+00
0.977,-1.21E+00
0.978,-8.76E-01
0.979,-3.16E-01
0.98,5.75E-01
0.981,1.11E+00
0.982,1.23E+00
0.983,4.27E-01
0.984,-8.69E-01
0.985,-2.56E+00
0.986,-3.75E+00
0.987,-4.19E+00
0.988,-3.28E+00
0.989,-1.45E+00
0.99,1.08E+00
0.991,3.22E+00
0.992,4.52E+00
0.993,4.17E+00
0.994,2.50E+00
0.995,-3.07E-01
0.996,-3.07E+00
0.997,-5.16E+00
0.998,-5.57E+00
0.999,-4.39E+00
1,-1.69E+00
1.001,1.40E+00
1.002,4.19E+00
1.003,5.52E+00
1.004,5.28E+00
1.005,3.31E+00
1.006,5.90E-01
1.007,-2.27E+00
1.008,-4.06E+00
1.009,-4.56E+00
1.01,-3.39E+00
1.011,-1.31E+00
1.012,1.23E+00
1.013,3.13E+00
1.014,4.16E+00
1.015,3.82E+00
1.016,2.71E+00
1.017,1.02E+00
1.018,-3.15E-01
1.019,-1.19E+00
1.02,-1.14E+00
1.021,-6.45E-01
1.022,2.43E-01
1.023,8.28E-01
1.024,1.20E+00
1.025,1.03E+00
1.026,8.73E-01
1.027,6.88E-01
1.028,1.03E+00
1.029,1.59E+00
1.03,2.48E+00
1.031,3.00E+00
1.032,3.11E+00
1.033,2.29E+00
1.034,9.89E-01
1.035,-7.08E-01
1.036,-1.88E+00
1.037,-2.31E+00
1.038,-1.38E+00
1.039,4.54E-01
1.04,2.98E+00
1.041,5.11E+00
1.042,6.38E+00
1.043,6.00E+00
1.044,4.31E+00
1.045,1.48E+00
1.046,-1.28E+00
1.047,-3.36E+00
1.048,-3.74E+00
1.049,-2.55E+00
1.05,1.65E-01
1.051,3.25E+00
1.052,6.02E+00
1.053,7.31E+00
1.054,7.04E+00
1.055,5.04E+00
1.056,2.30E+00
1.057,-5.63E-01
1.058,-2.34E+00
1.059,-2.82E+00
1.06,-1.64E+00
1.061,4.36E-01
1.062,2.97E+00
1.063,4.85E+00
1.064,5.84E+00
1.065,5.47E+00
1.066,4.34E+00
1.067,2.64E+00
1.068,1.30E+00
1.069,4.23E-01
1.07,4.78E-01
1.071,9.61E-01
1.072,1.84E+00
1.073,2.40E+00
1.074,2.75E+00
1.075,2.57E+00
1.076,2.40E+00
1.077,2.20E+00
1.078,2.53E+00
1.079,3.08E+00
1.08,3.96E+00
1.081,4.46E+00
1.082,4.54E+00
1.083,3.70E+00
1.084,2.37E+00
1.085,6.55E-01
1.086,-5.21E-01
1.087,-9.48E-01
1.088,-1.46E-02
1.089,1.81E+00
1.09,4.33E+00
1.091,6.43E+00
1.092,7.66E+00
1.093,7.24E+00
1.094,5.51E+00
1.095,2.65E+00
1.096,-1.22E-01
1.097,-2.20E+00
1.098,-2.57E+00
1.099,-1.37E+00
1.1,1.34E+00
1.101,4.40E+00
1.102,7.14E+00
1.103,8.38E+00
1.104,8.06E+00
1.105,6.02E+00
1.106,3.26E+00
1.107,3.80E-01
1.108,-1.40E+00
1.109,-1.87E+00
1.11,-6.82E-01
1.111,1.38E+00
1.112,3.89E+00
1.113,5.73E+00
1.114,6.69E+00
1.115,6.28E+00
1.116,5.11E+00
1.117,3.38E+00
1.118,2.03E+00
1.119,1.15E+00
1.12,1.19E+00
1.121,1.66E+00
1.122,2.52E+00
1.123,3.05E+00
1.124,3.38E+00
1.125,3.16E+00
1.126,2.97E+00
1.127,2.75E+00
1.128,3.07E+00
1.129,3.60E+00
1.13,4.46E+00
1.131,4.93E+00
1.132,4.98E+00
1.133,4.09E+00
1.134,2.73E+00
1.135,9.96E-01
1.136,-1.92E-01
1.137,-6.25E-01
1.138,3.06E-01
1.139,2.12E+00
1.14,4.62E+00
1.141,6.68E+00
1.142,7.87E+00
1.143,7.40E+00
1.144,5.62E+00
1.145,2.73E+00
1.146,-5.60E-02
1.147,-2.14E+00
1.148,-2.50E+00
1.149,-1.30E+00
1.15,1.40E+00
1.151,4.44E+00
1.152,7.14E+00
1.153,8.33E+00
1.154,7.96E+00
1.155,5.87E+00
1.156,3.08E+00
1.157,1.85E-01
1.158,-1.59E+00
1.159,-2.07E+00
1.16,-8.79E-01
1.161,1.17E+00
1.162,3.66E+00
1.163,5.46E+00
1.164,6.37E+00
1.165,5.92E+00
1.166,4.72E+00
1.167,2.97E+00
1.168,1.60E+00
1.169,7.02E-01
1.17,7.38E-01
1.171,1.19E+00
1.172,2.02E+00
1.173,2.53E+00
1.174,2.82E+00
1.175,2.58E+00
1.176,2.37E+00
1.177,2.13E+00
1.178,2.44E+00
1.179,2.95E+00
1.18,3.79E+00
1.181,4.22E+00
1.182,4.24E+00
1.183,3.32E+00
1.184,1.93E+00
1.185,1.74E-01
1.186,-1.02E+00
1.187,-1.46E+00
1.188,-5.30E-01
1.189,1.28E+00
1.19,3.76E+00
1.191,5.79E+00
1.192,6.94E+00
1.193,6.41E+00
1.194,4.59E+00
1.195,1.67E+00
1.196,-1.12E+00
1.197,-3.21E+00
1.198,-3.56E+00
1.199,-2.35E+00
1.2,3.51E-01
1.201,3.37E+00
1.202,6.03E+00
1.203,7.17E+00
1.204,6.76E+00
1.205,4.63E+00
1.206,1.81E+00
1.207,-1.09E+00
1.208,-2.86E+00
1.209,-3.33E+00
1.21,-2.14E+00
1.211,-9.74E-02
1.212,2.37E+00
1.213,4.14E+00
1.214,5.02E+00
1.215,4.53E+00
1.216,3.30E+00
1.217,1.53E+00
1.218,1.60E-01
1.219,-7.43E-01
1.22,-7.08E-01
1.221,-2.70E-01
1.222,5.54E-01
1.223,1.04E+00
1.224,1.31E+00
1.225,1.05E+00
1.226,8.22E-01
1.227,5.77E-01
1.228,8.79E-01
1.229,1.38E+00
1.23,2.20E+00
1.231,2.62E+00
1.232,2.61E+00
1.233,1.66E+00
1.234,2.63E-01
1.235,-1.51E+00
1.236,-2.70E+00
1.237,-3.13E+00
1.238,-2.19E+00
1.239,-3.81E-01
1.24,2.09E+00
1.241,4.09E+00
1.242,5.21E+00
1.243,4.65E+00
1.244,2.80E+00
1.245,-1.38E-01
1.246,-2.93E+00
1.247,-5.00E+00
1.248,-5.33E+00
1.249,-4.11E+00
1.25,-1.40E+00
1.251,1.61E+00
1.252,4.25E+00
1.253,5.36E+00
1.254,4.91E+00
1.255,2.75E+00
1.256,-7.78E-02
1.257,-2.98E+00
1.258,-4.73E+00
1.259,-5.18E+00
1.26,-3.97E+00
1.261,-1.92E+00
1.262,5.40E-01
1.263,2.29E+00
1.264,3.15E+00
1.265,2.63E+00
1.266,1.39E+00
1.267,-3.81E-01
1.268,-1.75E+00
1.269,-2.64E+00
1.27,-2.59E+00
1.271,-2.15E+00
1.272,-1.33E+00
1.273,-8.51E-01
1.274,-5.80E-01
1.275,-8.49E-01
1.276,-1.07E+00
1.277,-1.32E+00
1.278,-1.01E+00
1.279,-5.01E-01
1.28,3.25E-01
1.281,7.32E-01
1.282,7.17E-01
1.283,-2.43E-01
1.284,-1.65E+00
1.285,-3.42E+00
1.286,-4.60E+00
1.287,-5.01E+00
1.288,-4.04E+00
1.289,-2.21E+00
1.29,2.70E-01
1.291,2.26E+00
1.292,3.36E+00
1.293,2.78E+00
1.294,9.18E-01
1.295,-2.03E+00
1.296,-4.81E+00
1.297,-6.85E+00
1.298,-7.14E+00
1.299,-5.89E+00
1.3,-3.15E+00
1.301,-1.39E-01
1.302,2.50E+00
1.303,3.58E+00
1.304,3.11E+00
1.305,9.38E-01
1.306,-1.88E+00
1.307,-4.77E+00
1.308,-6.49E+00
1.309,-6.91E+00
1.31,-5.66E+00
1.311,-3.59E+00
1.312,-1.12E+00
1.313,6.22E-01
1.314,1.47E+00
1.315,9.52E-01
1.316,-2.86E-01
1.317,-2.05E+00
1.318,-3.40E+00
1.319,-4.27E+00
1.32,-4.19E+00
1.321,-3.73E+00
1.322,-2.90E+00
1.323,-2.41E+00
1.324,-2.14E+00
1.325,-2.40E+00
1.326,-2.61E+00
1.327,-2.83E+00
1.328,-2.50E+00
1.329,-1.97E+00
1.33,-1.13E+00
1.331,-7.16E-01
1.332,-7.28E-01
1.333,-1.69E+00
1.334,-3.08E+00
1.335,-4.83E+00
1.336,-5.98E+00
1.337,-6.36E+00
1.338,-5.35E+00
1.339,-3.50E+00
1.34,-9.96E-01
1.341,9.99E-01
1.342,2.10E+00
1.343,1.50E+00
1.344,-3.59E-01
1.345,-3.29E+00
1.346,-6.05E+00
1.347,-8.05E+00
1.348,-8.29E+00
1.349,-6.99E+00
1.35,-4.22E+00
1.351,-1.19E+00
1.352,1.45E+00
1.353,2.52E+00
1.354,2.04E+00
1.355,-1.31E-01
1.356,-2.94E+00
1.357,-5.79E+00
1.358,-7.47E+00
1.359,-7.84E+00
1.36,-6.55E+00
1.361,-4.45E+00
1.362,-1.96E+00
1.363,-2.14E-01
1.364,6.38E-01
1.365,1.20E-01
1.366,-1.11E+00
1.367,-2.85E+00
1.368,-4.17E+00
1.369,-5.00E+00
1.37,-4.89E+00
1.371,-4.41E+00
1.372,-3.55E+00
1.373,-3.05E+00
1.374,-2.75E+00
1.375,-3.00E+00
1.376,-3.18E+00
1.377,-3.38E+00
1.378,-3.02E+00
1.379,-2.46E+00
1.38,-1.60E+00
1.381,-1.17E+00
1.382,-1.17E+00
1.383,-2.12E+00
1.384,-3.50E+00
1.385,-5.23E+00
1.386,-6.34E+00
1.387,-6.67E+00
1.388,-5.62E+00
1.389,-3.73E+00
1.39,-1.20E+00
1.391,8.01E-01
1.392,1.90E+00
1.393,1.31E+00
1.394,-5.52E-01
1.395,-3.47E+00
1.396,-6.19E+00
1.397,-8.15E+00
1.398,-8.34E+00
1.399,-6.99E+00
1.4,-4.18E+00
1.401,-1.13E+00
1.402,1.52E+00
1.403,2.59E+00
1.404,2.11E+00
1.405,-6.79E-02
1.406,-2.86E+00
1.407,-5.68E+00
1.408,-7.31E+00
1.409,-7.63E+00
1.41,-6.29E+00
1.411,-4.16E+00
1.412,-1.65E+00
1.413,1.06E-01
1.414,9.61E-01
1.415,4.48E-01
1.416,-7.66E-01
1.417,-2.49E+00
1.418,-3.77E+00
1.419,-4.57E+00
1.42,-4.43E+00
1.421,-3.91E+00
1.422,-3.03E+00
1.423,-2.51E+00
1.424,-2.20E+00
1.425,-2.42E+00
1.426,-2.59E+00
1.427,-2.76E+00
1.428,-2.36E+00
1.429,-1.78E+00
1.43,-8.99E-01
1.431,-4.55E-01
1.432,-4.44E-01
1.433,-1.38E+00
1.434,-2.75E+00
1.435,-4.45E+00
1.436,-5.53E+00
1.437,-5.83E+00
1.438,-4.73E+00
1.439,-2.81E+00
1.44,-2.58E-01
1.441,1.75E+00
1.442,2.85E+00
1.443,2.25E+00
1.444,3.93E-01
1.445,-2.51E+00
1.446,-5.21E+00
1.447,-7.12E+00
1.448,-7.26E+00
1.449,-5.87E+00
1.45,-3.02E+00
1.451,4.51E-02
1.452,2.69E+00
1.453,3.76E+00
1.454,3.26E+00
1.455,1.09E+00
1.456,-1.69E+00
1.457,-4.48E+00
1.458,-6.07E+00
1.459,-6.34E+00
1.46,-4.97E+00
1.461,-2.81E+00
1.462,-2.88E-01
1.463,1.47E+00
1.464,2.32E+00
1.465,1.81E+00
1.466,5.99E-01
1.467,-1.11E+00
1.468,-2.36E+00
1.469,-3.13E+00
1.47,-2.97E+00
1.471,-2.43E+00
1.472,-1.53E+00
1.473,-1.00E+00
1.474,-6.83E-01
1.475,-8.99E-01
1.476,-1.05E+00
1.477,-1.20E+00
1.478,-7.87E-01
1.479,-1.90E-01
1.48,7.08E-01
1.481,1.16E+00
1.482,1.17E+00
1.483,2.27E-01
1.484,-1.13E+00
1.485,-2.82E+00
1.486,-3.88E+00
1.487,-4.14E+00
1.488,-3.02E+00
1.489,-1.07E+00
1.49,1.49E+00
1.491,3.50E+00
1.492,4.59E+00
1.493,3.97E+00
1.494,2.10E+00
1.495,-8.06E-01
1.496,-3.48E+00
1.497,-5.37E+00
1.498,-5.47E+00
1.499,-4.04E+00
1.5,-1.17E+00
1.501,1.90E+00
1.502,4.54E+00
1.503,5.58E+00
1.504,5.07E+00
1.505,2.88E+00
1.506,1.05E-01
1.507,-2.67E+00
1.508,-4.24E+00
1.509,-4.48E+00
1.51,-3.08E+00
1.511,-9.09E-01
1.512,1.62E+00
1.513,3.37E+00
1.514,4.20E+00
1.515,3.67E+00
1.516,2.46E+00
1.517,7.53E-01
1.518,-4.93E-01
1.519,-1.25E+00
1.52,-1.07E+00
1.521,-5.22E-01
1.522,3.78E-01
1.523,8.99E-01
1.524,1.21E+00
1.525,9.91E-01
1.526,8.43E-01
1.527,6.96E-01
1.528,1.12E+00
1.529,1.72E+00
1.53,2.61E+00
1.531,3.05E+00
1.532,3.05E+00
1.533,2.10E+00
1.534,7.28E-01
1.535,-9.62E-01
1.536,-2.01E+00
1.537,-2.26E+00
1.538,-1.12E+00
1.539,8.38E-01
1.54,3.40E+00
1.541,5.39E+00
1.542,6.45E+00
1.543,5.80E+00
1.544,3.90E+00
1.545,9.83E-01
1.546,-1.69E+00
1.547,-3.56E+00
1.548,-3.64E+00
1.549,-2.19E+00
1.55,6.87E-01
1.551,3.75E+00
1.552,6.36E+00
1.553,7.37E+00
1.554,6.82E+00
1.555,4.60E+00
1.556,1.81E+00
1.557,-9.62E-01
1.558,-2.51E+00
1.559,-2.74E+00
1.56,-1.33E+00
1.561,8.42E-01
1.562,3.35E+00
1.563,5.08E+00
1.564,5.88E+00
1.565,5.32E+00
1.566,4.08E+00
1.567,2.37E+00
1.568,1.12E+00
1.569,3.61E-01
1.57,5.43E-01
1.571,1.08E+00
1.572,1.97E+00
1.573,2.47E+00
1.574,2.76E+00
1.575,2.53E+00
1.576,2.36E+00
1.577,2.21E+00
1.578,2.62E+00
1.579,3.21E+00
1.58,4.09E+00
1.581,4.51E+00
1.582,4.47E+00
1.583,3.49E+00
1.584,2.10E+00
1.585,4.00E-01
1.586,-6.50E-01
1.587,-8.95E-01
1.588,2.45E-01
1.589,2.20E+00
1.59,4.74E+00
1.591,6.70E+00
1.592,7.72E+00
1.593,7.03E+00
1.594,5.09E+00
1.595,2.15E+00
1.596,-5.32E-01
1.597,-2.40E+00
1.598,-2.47E+00
1.599,-1.01E+00
1.6,1.86E+00
1.601,4.90E+00
1.602,7.48E+00
1.603,8.43E+00
1.604,7.83E+00
1.605,5.58E+00
1.606,2.77E+00
1.607,-1.76E-02
1.608,-1.57E+00
1.609,-1.79E+00
1.61,-3.75E-01
1.611,1.78E+00
1.612,4.27E+00
1.613,5.95E+00
1.614,6.72E+00
1.615,6.12E+00
1.616,4.85E+00
1.617,3.11E+00
1.618,1.85E+00
1.619,1.09E+00
1.62,1.26E+00
1.621,1.78E+00
1.622,2.64E+00
1.623,3.12E+00
1.624,3.38E+00
1.625,3.12E+00
1.626,2.93E+00
1.627,2.76E+00
1.628,3.15E+00
1.629,3.73E+00
1.63,4.58E+00
1.631,4.97E+00
1.632,4.90E+00
1.633,3.88E+00
1.634,2.46E+00
1.635,7.38E-01
1.636,-3.23E-01
1.637,-5.72E-01
1.638,5.64E-01
1.639,2.51E+00
1.64,5.03E+00
1.641,6.95E+00
1.642,7.92E+00
1.643,7.18E+00
1.644,5.20E+00
1.645,2.23E+00
1.646,-4.71E-01
1.647,-2.34E+00
1.648,-2.40E+00
1.649,-9.41E-01
1.65,1.92E+00
1.651,4.93E+00
1.652,7.47E+00
1.653,8.37E+00
1.654,7.72E+00
1.655,5.42E+00
1.656,2.58E+00
1.657,-2.13E-01
1.658,-1.76E+00
1.659,-1.98E+00
1.66,-5.74E-01
1.661,1.57E+00
1.662,4.03E+00
1.663,5.67E+00
1.664,6.39E+00
1.665,5.76E+00
1.666,4.45E+00
1.667,2.69E+00
1.668,1.41E+00
1.669,6.40E-01
1.67,7.98E-01
1.671,1.31E+00
1.672,2.14E+00
1.673,2.59E+00
1.674,2.82E+00
1.675,2.53E+00
1.676,2.33E+00
1.677,2.14E+00
1.678,2.52E+00
1.679,3.07E+00
1.68,3.90E+00
1.681,4.26E+00
1.682,4.16E+00
1.683,3.11E+00
1.684,1.65E+00
1.685,-8.66E-02
1.686,-1.16E+00
1.687,-1.41E+00
1.688,-2.73E-01
1.689,1.66E+00
1.69,4.16E+00
1.691,6.05E+00
1.692,6.97E+00
1.693,6.19E+00
1.694,4.17E+00
1.695,1.17E+00
1.696,-1.54E+00
1.697,-3.40E+00
1.698,-3.46E+00
1.699,-1.99E+00
1.7,8.62E-01
1.701,3.86E+00
1.702,6.35E+00
1.703,7.21E+00
1.704,6.51E+00
1.705,4.18E+00
1.706,1.31E+00
1.707,-1.49E+00
1.708,-3.04E+00
1.709,-3.25E+00
1.71,-1.84E+00
1.711,3.02E-01
1.712,2.74E+00
1.713,4.35E+00
1.714,5.03E+00
1.715,4.36E+00
1.716,3.03E+00
1.717,1.26E+00
1.718,-2.80E-02
1.719,-8.05E-01
1.72,-6.52E-01
1.721,-1.52E-01
1.722,6.69E-01
1.723,1.10E+00
1.724,1.31E+00
1.725,9.99E-01
1.726,7.78E-01
1.727,5.83E-01
1.728,9.55E-01
1.729,1.50E+00
1.73,2.32E+00
1.731,2.65E+00
1.732,2.52E+00
1.733,1.45E+00
1.734,-1.96E-02
1.735,-1.77E+00
1.736,-2.84E+00
1.737,-3.08E+00
1.738,-1.94E+00
1.739,1.67E-03
1.74,2.48E+00
1.741,4.35E+00
1.742,5.24E+00
1.743,4.42E+00
1.744,2.37E+00
1.745,-6.42E-01
1.746,-3.35E+00
1.747,-5.19E+00
1.748,-5.23E+00
1.749,-3.75E+00
1.75,-8.87E-01
1.751,2.10E+00
1.752,4.56E+00
1.753,5.39E+00
1.754,4.66E+00
1.755,2.30E+00
1.756,-5.78E-01
1.757,-3.37E+00
1.758,-4.90E+00
1.759,-5.09E+00
1.76,-3.66E+00
1.761,-1.52E+00
1.762,9.02E-01
1.763,2.50E+00
1.764,3.15E+00
1.765,2.46E+00
1.766,1.12E+00
1.767,-6.54E-01
1.768,-1.93E+00
1.769,-2.70E+00
1.77,-2.54E+00
1.771,-2.03E+00
1.772,-1.21E+00
1.773,-7.91E-01
1.774,-5.90E-01
1.775,-8.99E-01
1.776,-1.12E+00
1.777,-1.31E+00
1.778,-9.31E-01
1.779,-3.79E-01
1.78,4.34E-01
1.781,7.65E-01
1.782,6.24E-01
1.783,-4.57E-01
1.784,-1.93E+00
1.785,-3.67E+00
1.786,-4.73E+00
1.787,-4.94E+00
1.788,-3.78E+00
1.789,-1.83E+00
1.79,6.59E-01
1.791,2.52E+00
1.792,3.39E+00
1.793,2.55E+00
1.794,4.82E-01
1.795,-2.53E+00
1.796,-5.22E+00
1.797,-7.03E+00
1.798,-7.04E+00
1.799,-5.52E+00
1.8,-2.64E+00
1.801,3.51E-01
1.802,2.80E+00
1.803,3.61E+00
1.804,2.86E+00
1.805,4.87E-01
1.806,-2.39E+00
1.807,-5.16E+00
1.808,-6.66E+00
1.809,-6.81E+00
1.81,-5.35E+00
1.811,-3.19E+00
1.812,-7.59E-01
1.813,8.35E-01
1.814,1.48E+00
1.815,7.82E-01
1.816,-5.61E-01
1.817,-2.32E+00
1.818,-3.58E+00
1.819,-4.32E+00
1.82,-4.13E+00
1.821,-3.61E+00
1.822,-2.78E+00
1.823,-2.35E+00
1.824,-2.14E+00
1.825,-2.44E+00
1.826,-2.65E+00
1.827,-2.82E+00
1.828,-2.42E+00
1.829,-1.84E+00
1.83,-1.02E+00
1.831,-6.81E-01
1.832,-8.21E-01
1.833,-1.90E+00
1.834,-3.36E+00
1.835,-5.08E+00
1.836,-6.11E+00
1.837,-6.29E+00
1.838,-5.09E+00
1.839,-3.10E+00
1.84,-6.05E-01
1.841,1.26E+00
1.842,2.12E+00
1.843,1.27E+00
1.844,-7.94E-01
1.845,-3.79E+00
1.846,-6.46E+00
1.847,-8.23E+00
1.848,-8.18E+00
1.849,-6.62E+00
1.85,-3.71E+00
1.851,-7.00E-01
1.852,1.75E+00
1.853,2.55E+00
1.854,1.79E+00
1.855,-5.80E-01
1.856,-3.44E+00
1.857,-6.17E+00
1.858,-7.63E+00
1.859,-7.73E+00
1.86,-6.24E+00
1.861,-4.04E+00
1.862,-1.60E+00
1.863,-2.18E-04
1.864,6.43E-01
1.865,-4.78E-02
1.866,-1.38E+00
1.867,-3.12E+00
1.868,-4.35E+00
1.869,-5.05E+00
1.87,-4.83E+00
1.871,-4.28E+00
1.872,-3.43E+00
1.873,-2.98E+00
1.874,-2.76E+00
1.875,-3.04E+00
1.876,-3.22E+00
1.877,-3.36E+00
1.878,-2.93E+00
1.879,-2.33E+00
1.88,-1.49E+00
1.881,-1.13E+00
1.882,-1.26E+00
1.883,-2.33E+00
1.884,-3.78E+00
1.885,-5.47E+00
1.886,-6.46E+00
1.887,-6.59E+00
1.888,-5.36E+00
1.889,-3.33E+00
1.89,-8.12E-01
1.891,1.07E+00
1.892,1.92E+00
1.893,1.08E+00
1.894,-9.88E-01
1.895,-3.97E+00
1.896,-6.60E+00
1.897,-8.32E+00
1.898,-8.22E+00
1.899,-6.61E+00
1.9,-3.66E+00
1.901,-6.34E-01
1.902,1.82E+00
1.903,2.62E+00
1.904,1.85E+00
1.905,-5.12E-01
1.906,-3.35E+00
1.907,-6.05E+00
1.908,-7.46E+00
1.909,-7.51E+00
1.91,-5.97E+00
1.911,-3.75E+00
1.912,-1.29E+00
1.913,3.21E-01
1.914,9.66E-01
1.915,2.84E-01
1.916,-1.03E+00
1.917,-2.74E+00
1.918,-3.94E+00
1.919,-4.61E+00
1.92,-4.36E+00
1.921,-3.77E+00
1.922,-2.91E+00
1.923,-2.44E+00
1.924,-2.20E+00
1.925,-2.46E+00
1.926,-2.62E+00
1.927,-2.73E+00
1.928,-2.28E+00
1.929,-1.65E+00
1.93,-7.86E-01
1.931,-4.15E-01
1.932,-5.38E-01
1.933,-1.59E+00
1.934,-3.03E+00
1.935,-4.69E+00
1.936,-5.65E+00
1.937,-5.74E+00
1.938,-4.46E+00
1.939,-2.40E+00
1.94,1.35E-01
1.941,2.02E+00
1.942,2.87E+00
1.943,2.02E+00
1.944,-4.31E-02
1.945,-3.00E+00
1.946,-5.61E+00
1.947,-7.28E+00
1.948,-7.14E+00
1.949,-5.47E+00
1.95,-2.50E+00
1.951,5.44E-01
1.952,3.00E+00
1.953,3.79E+00
1.954,3.00E+00
1.955,6.46E-01
1.956,-2.18E+00
1.957,-4.84E+00
1.958,-6.22E+00
1.959,-6.22E+00
1.96,-4.65E+00
1.961,-2.39E+00
1.962,7.32E-02
1.963,1.69E+00
1.964,2.33E+00
1.965,1.65E+00
1.966,3.31E-01
1.967,-1.36E+00
1.968,-2.53E+00
1.969,-3.17E+00
1.97,-2.90E+00
1.971,-2.29E+00
1.972,-1.41E+00
1.973,-9.30E-01
1.974,-6.90E-01
1.975,-9.34E-01
1.976,-1.08E+00
1.977,-1.17E+00
1.978,-7.00E-01
1.979,-4.90E-02
1.98,8.22E-01
1.981,1.20E+00
1.982,1.07E+00
1.983,2.43E-02
1.984,-1.41E+00
1.985,-3.05E+00
1.986,-3.99E+00
1.987,-4.05E+00
1.988,-2.74E+00
1.989,-6.61E-01
1.99,1.89E+00
1.991,3.77E+00
1.992,4.60E+00
1.993,3.74E+00
1.994,1.66E+00
1.995,-1.29E+00
1.996,-3.88E+00
1.997,-5.51E+00
1.998,-5.33E+00
1.999,-3.64E+00
2,-6.49E-01
2.001,2.40E+00
2.002,4.84E+00
2.003,5.61E+00
2.004,4.80E+00
2.005,2.44E+00
2.006,-3.87E-01
2.007,-3.03E+00
2.008,-4.38E+00
2.009,-4.35E+00
2.01,-2.76E+00
2.011,-4.86E-01
2.012,1.98E+00
2.013,3.58E+00
2.014,4.20E+00
2.015,3.51E+00
2.016,2.18E+00
2.017,5.01E-01
2.018,-6.65E-01
2.019,-1.28E+00
2.02,-9.98E-01
2.021,-3.81E-01
2.022,4.96E-01
2.023,9.72E-01
2.024,1.20E+00
2.025,9.58E-01
2.026,8.08E-01
2.027,7.30E-01
2.028,1.20E+00
2.029,1.86E+00
2.03,2.72E+00
2.031,3.09E+00
2.032,2.95E+00
2.033,1.89E+00
2.034,4.47E-01
2.035,-1.19E+00
2.036,-2.12E+00
2.037,-2.16E+00
2.038,-8.44E-01
2.039,1.25E+00
2.04,3.79E+00
2.041,5.65E+00
2.042,6.46E+00
2.043,5.56E+00
2.044,3.46E+00
2.045,4.98E-01
2.046,-2.08E+00
2.047,-3.70E+00
2.048,-3.50E+00
2.049,-1.79E+00
2.05,1.21E+00
2.051,4.25E+00
2.052,6.65E+00
2.053,7.39E+00
2.054,6.54E+00
2.055,4.16E+00
2.056,1.32E+00
2.057,-1.32E+00
2.058,-2.65E+00
2.059,-2.60E+00
2.06,-1.00E+00
2.061,1.26E+00
2.062,3.71E+00
2.063,5.29E+00
2.064,5.87E+00
2.065,5.15E+00
2.066,3.81E+00
2.067,2.12E+00
2.068,9.46E-01
2.069,3.34E-01
2.07,6.13E-01
2.071,1.22E+00
2.072,2.08E+00
2.073,2.54E+00
2.074,2.75E+00
2.075,2.49E+00
2.076,2.33E+00
2.077,2.24E+00
2.078,2.71E+00
2.079,3.35E+00
2.08,4.20E+00
2.081,4.54E+00
2.082,4.37E+00
2.083,3.29E+00
2.084,1.82E+00
2.085,1.69E-01
2.086,-7.63E-01
2.087,-7.96E-01
2.088,5.20E-01
2.089,2.61E+00
2.09,5.12E+00
2.091,6.96E+00
2.092,7.72E+00
2.093,6.78E+00
2.094,4.64E+00
2.095,1.66E+00
2.096,-9.28E-01
2.097,-2.54E+00
2.098,-2.33E+00
2.099,-6.06E-01
2.1,2.38E+00
2.101,5.39E+00
2.102,7.76E+00
2.103,8.45E+00
2.104,7.55E+00
2.105,5.13E+00
2.106,2.27E+00
2.107,-3.73E-01
2.108,-1.71E+00
2.109,-1.65E+00
2.11,-5.50E-02
2.111,2.20E+00
2.112,4.62E+00
2.113,6.16E+00
2.114,6.70E+00
2.115,5.95E+00
2.116,4.57E+00
2.117,2.86E+00
2.118,1.68E+00
2.119,1.06E+00
2.12,1.32E+00
2.121,1.92E+00
2.122,2.75E+00
2.123,3.18E+00
2.124,3.36E+00
2.125,3.08E+00
2.126,2.89E+00
2.127,2.79E+00
2.128,3.23E+00
2.129,3.87E+00
2.13,4.68E+00
2.131,5.00E+00
2.132,4.79E+00
2.133,3.67E+00
2.134,2.17E+00
2.135,5.06E-01
2.136,-4.37E-01
2.137,-4.70E-01
2.138,8.37E-01
2.139,2.92E+00
2.14,5.40E+00
2.141,7.20E+00
2.142,7.91E+00
2.143,6.93E+00
2.144,4.74E+00
2.145,1.74E+00
2.146,-8.68E-01
2.147,-2.47E+00
2.148,-2.26E+00
2.149,-5.35E-01
2.15,2.43E+00
2.151,5.42E+00
2.152,7.74E+00
2.153,8.38E+00
2.154,7.43E+00
2.155,4.97E+00
2.156,2.08E+00
2.157,-5.68E-01
2.158,-1.90E+00
2.159,-1.84E+00
2.16,-2.56E-01
2.161,1.99E+00
2.162,4.37E+00
2.163,5.87E+00
2.164,6.37E+00
2.165,5.58E+00
2.166,4.17E+00
2.167,2.44E+00
2.168,1.24E+00
2.169,6.12E-01
2.17,8.59E-01
2.171,1.44E+00
2.172,2.25E+00
2.173,2.65E+00
2.174,2.80E+00
2.175,2.49E+00
2.176,2.28E+00
2.177,2.17E+00
2.178,2.59E+00
2.179,3.21E+00
2.18,4.00E+00
2.181,4.29E+00
2.182,4.04E+00
2.183,2.89E+00
2.184,1.36E+00
2.185,-3.19E-01
2.186,-1.27E+00
2.187,-1.30E+00
2.188,-1.86E-03
2.189,2.07E+00
2.19,4.53E+00
2.191,6.30E+00
2.192,6.96E+00
2.193,5.93E+00
2.194,3.70E+00
2.195,6.78E-01
2.196,-1.94E+00
2.197,-3.54E+00
2.198,-3.32E+00
2.199,-1.58E+00
2.2,1.37E+00
2.201,4.34E+00
2.202,6.61E+00
2.203,7.21E+00
2.204,6.21E+00
2.205,3.72E+00
2.206,8.04E-01
2.207,-1.84E+00
2.208,-3.18E+00
2.209,-3.10E+00
2.21,-1.52E+00
2.211,7.19E-01
2.212,3.07E+00
2.213,4.55E+00
2.214,5.00E+00
2.215,4.18E+00
2.216,2.74E+00
2.217,1.00E+00
2.218,-2.07E-01
2.219,-8.32E-01
2.22,-5.92E-01
2.221,-1.69E-02
2.222,7.68E-01
2.223,1.16E+00
2.224,1.28E+00
2.225,9.57E-01
2.226,7.28E-01
2.227,6.13E-01
2.228,1.03E+00
2.229,1.64E+00
2.23,2.41E+00
2.231,2.68E+00
2.232,2.40E+00
2.233,1.23E+00
2.234,-3.17E-01
2.235,-2.00E+00
2.236,-2.95E+00
2.237,-2.97E+00
2.238,-1.67E+00
2.239,4.07E-01
2.24,2.85E+00
2.241,4.59E+00
2.242,5.22E+00
2.243,4.16E+00
2.244,1.90E+00
2.245,-1.13E+00
2.246,-3.75E+00
2.247,-5.32E+00
2.248,-5.09E+00
2.249,-3.33E+00
2.25,-3.79E-01
2.251,2.58E+00
2.252,4.82E+00
2.253,5.39E+00
2.254,4.35E+00
2.255,1.84E+00
2.256,-1.09E+00
2.257,-3.72E+00
2.258,-5.04E+00
2.259,-4.94E+00
2.26,-3.35E+00
2.261,-1.10E+00
2.262,1.23E+00
2.263,2.69E+00
2.264,3.12E+00
2.265,2.28E+00
2.266,8.28E-01
2.267,-9.06E-01
2.268,-2.11E+00
2.269,-2.72E+00
2.27,-2.48E+00
2.271,-1.90E+00
2.272,-1.12E+00
2.273,-7.30E-01
2.274,-6.21E-01
2.275,-9.41E-01
2.276,-1.17E+00
2.277,-1.28E+00
2.278,-8.58E-01
2.279,-2.42E-01
2.28,5.22E-01
2.281,7.90E-01
2.282,4.97E-01
2.283,-6.76E-01
2.284,-2.23E+00
2.285,-3.90E+00
2.286,-4.84E+00
2.287,-4.84E+00
2.288,-3.51E+00
2.289,-1.42E+00
2.29,1.02E+00
2.291,2.76E+00
2.292,3.36E+00
2.293,2.29E+00
2.294,1.38E-02
2.295,-3.02E+00
2.296,-5.62E+00
2.297,-7.16E+00
2.298,-6.89E+00
2.299,-5.10E+00
2.3,-2.13E+00
2.301,8.33E-01
2.302,3.06E+00
2.303,3.60E+00
2.304,2.55E+00
2.305,2.93E-02
2.306,-2.89E+00
2.307,-5.50E+00
2.308,-6.79E+00
2.309,-6.65E+00
2.31,-5.03E+00
2.311,-2.77E+00
2.312,-4.29E-01
2.313,1.03E+00
2.314,1.44E+00
2.315,6.00E-01
2.316,-8.53E-01
2.317,-2.57E+00
2.318,-3.76E+00
2.319,-4.34E+00
2.32,-4.07E+00
2.321,-3.47E+00
2.322,-2.68E+00
2.323,-2.29E+00
2.324,-2.17E+00
2.325,-2.48E+00
2.326,-2.70E+00
2.327,-2.78E+00
2.328,-2.34E+00
2.329,-1.70E+00
2.33,-9.31E-01
2.331,-6.54E-01
2.332,-9.48E-01
2.333,-2.11E+00
2.334,-3.66E+00
2.335,-5.31E+00
2.336,-6.22E+00
2.337,-6.17E+00
2.338,-4.82E+00
2.339,-2.69E+00
2.34,-2.40E-01
2.341,1.50E+00
2.342,2.09E+00
2.343,1.01E+00
2.344,-1.26E+00
2.345,-4.27E+00
2.346,-6.84E+00
2.347,-8.34E+00
2.348,-8.03E+00
2.349,-6.19E+00
2.35,-3.20E+00
2.351,-2.18E-01
2.352,2.00E+00
2.353,2.54E+00
2.354,1.47E+00
2.355,-1.03E+00
2.356,-3.94E+00
2.357,-6.51E+00
2.358,-7.76E+00
2.359,-7.57E+00
2.36,-5.91E+00
2.361,-3.62E+00
2.362,-1.27E+00
2.363,1.90E-01
2.364,6.01E-01
2.365,-2.28E-01
2.366,-1.67E+00
2.367,-3.36E+00
2.368,-4.52E+00
2.369,-5.06E+00
2.37,-4.76E+00
2.371,-4.13E+00
2.372,-3.33E+00
2.373,-2.91E+00
2.374,-2.79E+00
2.375,-3.07E+00
2.376,-3.27E+00
2.377,-3.32E+00
2.378,-2.85E+00
2.379,-2.19E+00
2.38,-1.40E+00
2.381,-1.10E+00
2.382,-1.39E+00
2.383,-2.54E+00
2.384,-4.07E+00
2.385,-5.69E+00
2.386,-6.56E+00
2.387,-6.47E+00
2.388,-5.07E+00
2.389,-2.91E+00
2.39,-4.44E-01
2.391,1.31E+00
2.392,1.89E+00
2.393,8.18E-01
2.394,-1.46E+00
2.395,-4.44E+00
2.396,-6.98E+00
2.397,-8.42E+00
2.398,-8.06E+00
2.399,-6.17E+00
2.4,-3.15E+00
2.401,-1.48E-01
2.402,2.07E+00
2.403,2.61E+00
2.404,1.53E+00
2.405,-9.64E-01
2.406,-3.85E+00
2.407,-6.38E+00
2.408,-7.58E+00
2.409,-7.34E+00
2.41,-5.64E+00
2.411,-3.32E+00
2.412,-9.57E-01
2.413,5.15E-01
2.414,9.26E-01
2.415,1.07E-01
2.416,-1.32E+00
2.417,-2.98E+00
2.418,-4.11E+00
2.419,-4.61E+00
2.42,-4.29E+00
2.421,-3.63E+00
2.422,-2.81E+00
2.423,-2.37E+00
2.424,-2.23E+00
2.425,-2.49E+00
2.426,-2.67E+00
2.427,-2.68E+00
2.428,-2.19E+00
2.429,-1.50E+00
2.43,-6.92E-01
2.431,-3.81E-01
2.432,-6.63E-01
2.433,-1.80E+00
2.434,-3.32E+00
2.435,-4.90E+00
2.436,-5.75E+00
2.437,-5.61E+00
2.438,-4.17E+00
2.439,-1.98E+00
2.44,5.03E-01
2.441,2.26E+00
2.442,2.84E+00
2.443,1.76E+00
2.444,-5.09E-01
2.445,-3.47E+00
2.446,-5.98E+00
2.447,-7.38E+00
2.448,-6.97E+00
2.449,-5.04E+00
2.45,-1.98E+00
2.451,1.03E+00
2.452,3.24E+00
2.453,3.78E+00
2.454,2.69E+00
2.455,1.97E-01
2.456,-2.67E+00
2.457,-5.17E+00
2.458,-6.33E+00
2.459,-6.04E+00
2.46,-4.31E+00
2.461,-1.96E+00
2.462,4.05E-01
2.463,1.88E+00
2.464,2.28E+00
2.465,1.47E+00
2.466,4.51E-02
2.467,-1.59E+00
2.468,-2.70E+00
2.469,-3.17E+00
2.47,-2.82E+00
2.471,-2.14E+00
2.472,-1.31E+00
2.473,-8.59E-01
2.474,-7.18E-01
2.475,-9.61E-01
2.476,-1.12E+00
2.477,-1.12E+00
2.478,-6.11E-01
2.479,1.06E-01
2.48,9.15E-01
2.481,1.23E+00
2.482,9.46E-01
2.483,-1.84E-01
2.484,-1.70E+00
2.485,-3.26E+00
2.486,-4.08E+00
2.487,-3.91E+00
2.488,-2.45E+00
2.489,-2.33E-01
2.49,2.25E+00
2.491,4.01E+00
2.492,4.57E+00
2.493,3.48E+00
2.494,1.19E+00
2.495,-1.76E+00
2.496,-4.25E+00
2.497,-5.60E+00
2.498,-5.16E+00
2.499,-3.19E+00
2.5,-1.31E-01
2.501,2.89E+00
2.502,5.08E+00
2.503,5.60E+00
2.504,4.48E+00
2.505,1.99E+00
2.506,-8.81E-01
2.507,-3.35E+00
2.508,-4.49E+00
2.509,-4.17E+00
2.51,-2.42E+00
2.511,-5.12E-02
2.512,2.31E+00
2.513,3.77E+00
2.514,4.15E+00
2.515,3.33E+00
2.516,1.90E+00
2.517,2.74E-01
2.518,-8.24E-01
2.519,-1.28E+00
2.52,-9.23E-01
2.521,-2.27E-01
2.522,5.95E-01
2.523,1.04E+00
2.524,1.17E+00
2.525,9.33E-01
2.526,7.67E-01
2.527,7.84E-01
2.528,1.29E+00
2.529,2.01E+00
2.53,2.82E+00
2.531,3.13E+00
2.532,2.82E+00
2.533,1.68E+00
2.534,1.56E-01
2.535,-1.40E+00
2.536,-2.21E+00
2.537,-2.02E+00
2.538,-5.51E-01
2.539,1.68E+00
2.54,4.15E+00
2.541,5.89E+00
2.542,6.41E+00
2.543,5.30E+00
2.544,2.99E+00
2.545,3.14E-02
2.546,-2.46E+00
2.547,-3.79E+00
2.548,-3.33E+00
2.549,-1.34E+00
2.55,1.72E+00
2.551,4.73E+00
2.552,6.89E+00
2.553,7.37E+00
2.554,6.22E+00
2.555,3.70E+00
2.556,8.25E-01
2.557,-1.63E+00
2.558,-2.76E+00
2.559,-2.42E+00
2.56,-6.68E-01
2.561,1.70E+00
2.562,4.03E+00
2.563,5.47E+00
2.564,5.82E+00
2.565,4.97E+00
2.566,3.52E+00
2.567,1.89E+00
2.568,7.86E-01
2.569,3.39E-01
2.57,6.85E-01
2.571,1.38E+00
2.572,2.18E+00
2.573,2.61E+00
2.574,2.72E+00
2.575,2.47E+00
2.576,2.28E+00
2.577,2.30E+00
2.578,2.79E+00
2.579,3.51E+00
2.58,4.28E+00
2.581,4.57E+00
2.582,4.24E+00
2.583,3.07E+00
2.584,1.52E+00
2.585,-3.71E-02
2.586,-8.57E-01
2.587,-6.52E-01
2.588,8.12E-01
2.589,3.04E+00
2.59,5.48E+00
2.591,7.19E+00
2.592,7.67E+00
2.593,6.52E+00
2.594,4.17E+00
2.595,1.19E+00
2.596,-1.30E+00
2.597,-2.62E+00
2.598,-2.16E+00
2.599,-1.58E-01
2.6,2.89E+00
2.601,5.87E+00
2.602,7.98E+00
2.603,8.42E+00
2.604,7.22E+00
2.605,4.67E+00
2.606,1.77E+00
2.607,-6.86E-01
2.608,-1.81E+00
2.609,-1.46E+00
2.61,2.80E-01
2.611,2.63E+00
2.612,4.93E+00
2.613,6.34E+00
2.614,6.64E+00
2.615,5.76E+00
2.616,4.27E+00
2.617,2.63E+00
2.618,1.51E+00
2.619,1.06E+00
2.62,1.39E+00
2.621,2.07E+00
2.622,2.84E+00
2.623,3.25E+00
2.624,3.32E+00
2.625,3.05E+00
2.626,2.84E+00
2.627,2.84E+00
2.628,3.32E+00
2.629,4.02E+00
2.63,4.76E+00
2.631,5.02E+00
2.632,4.65E+00
2.633,3.45E+00
2.634,1.87E+00
2.635,3.00E-01
2.636,-5.32E-01
2.637,-3.26E-01
2.638,1.13E+00
2.639,3.34E+00
2.64,5.75E+00
2.641,7.43E+00
2.642,7.85E+00
2.643,6.65E+00
2.644,4.26E+00
2.645,1.27E+00
2.646,-1.24E+00
2.647,-2.55E+00
2.648,-2.09E+00
2.649,-8.74E-02
2.65,2.94E+00
2.651,5.90E+00
2.652,7.96E+00
2.653,8.35E+00
2.654,7.09E+00
2.655,4.51E+00
2.656,1.58E+00
2.657,-8.82E-01
2.658,-2.01E+00
2.659,-1.66E+00
2.66,7.59E-02
2.661,2.42E+00
2.662,4.68E+00
2.663,6.05E+00
2.664,6.30E+00
2.665,5.39E+00
2.666,3.87E+00
2.667,2.21E+00
2.668,1.07E+00
2.669,6.15E-01
2.67,9.27E-01
2.671,1.59E+00
2.672,2.33E+00
2.673,2.71E+00
2.674,2.76E+00
2.675,2.46E+00
2.676,2.23E+00
2.677,2.22E+00
2.678,2.67E+00
2.679,3.36E+00
2.68,4.07E+00
2.681,4.31E+00
2.682,3.89E+00
2.683,2.67E+00
2.684,1.06E+00
2.685,-5.26E-01
2.686,-1.37E+00
2.687,-1.16E+00
2.688,2.86E-01
2.689,2.49E+00
2.69,4.88E+00
2.691,6.51E+00
2.692,6.89E+00
2.693,5.65E+00
2.694,3.21E+00
2.695,2.04E-01
2.696,-2.31E+00
2.697,-3.61E+00
2.698,-3.14E+00
2.699,-1.14E+00
2.7,1.88E+00
2.701,4.81E+00
2.702,6.82E+00
2.703,7.17E+00
2.704,5.86E+00
2.705,3.26E+00
2.706,3.04E-01
2.707,-2.15E+00
2.708,-3.28E+00
2.709,-2.92E+00
2.71,-1.19E+00
2.711,1.14E+00
2.712,3.38E+00
2.713,4.72E+00
2.714,4.93E+00
2.715,3.99E+00
2.716,2.44E+00
2.717,7.71E-01
2.718,-3.75E-01
2.719,-8.29E-01
2.72,-5.26E-01
2.721,1.29E-01
2.722,8.48E-01
2.723,1.21E+00
2.724,1.23E+00
2.725,9.23E-01
2.726,6.76E-01
2.727,6.63E-01
2.728,1.10E+00
2.729,1.78E+00
2.73,2.48E+00
2.731,2.69E+00
2.732,2.25E+00
2.733,1.01E+00
2.734,-6.22E-01
2.735,-2.21E+00
2.736,-3.05E+00
2.737,-2.83E+00
2.738,-1.38E+00
2.739,8.29E-01
2.74,3.19E+00
2.741,4.81E+00
2.742,5.14E+00
2.743,3.87E+00
2.744,1.41E+00
2.745,-1.60E+00
2.746,-4.12E+00
2.747,-5.40E+00
2.748,-4.91E+00
2.749,-2.88E+00
2.75,1.23E-01
2.751,3.05E+00
2.752,5.03E+00
2.753,5.34E+00
2.754,4.00E+00
2.755,1.37E+00
2.756,-1.59E+00
2.757,-4.03E+00
2.758,-5.14E+00
2.759,-4.75E+00
2.76,-3.02E+00
2.761,-6.80E-01
2.762,1.54E+00
2.763,2.86E+00
2.764,3.04E+00
2.765,2.09E+00
2.766,5.23E-01
2.767,-1.14E+00
2.768,-2.28E+00
2.769,-2.72E+00
2.77,-2.41E+00
2.771,-1.75E+00
2.772,-1.04E+00
2.773,-6.74E-01
2.774,-6.69E-01
2.775,-9.75E-01
2.776,-1.22E+00
2.777,-1.23E+00
2.778,-7.81E-01
2.779,-9.44E-02
2.78,5.93E-01
2.781,8.05E-01
2.782,3.40E-01
2.783,-9.00E-01
2.784,-2.54E+00
2.785,-4.11E+00
2.786,-4.93E+00
2.787,-4.68E+00
2.788,-3.22E+00
2.789,-9.95E-01
2.79,1.37E+00
2.791,2.97E+00
2.792,3.28E+00
2.793,2.00E+00
2.794,-4.82E-01
2.795,-3.49E+00
2.796,-5.99E+00
2.797,-7.23E+00
2.798,-6.71E+00
2.799,-4.65E+00
2.8,-1.63E+00
2.801,1.30E+00
2.802,3.26E+00
2.803,3.55E+00
2.804,2.19E+00
2.805,-4.36E-01
2.806,-3.39E+00
2.807,-5.80E+00
2.808,-6.89E+00
2.809,-6.45E+00
2.81,-4.70E+00
2.811,-2.34E+00
2.812,-1.29E-01
2.813,1.19E+00
2.814,1.36E+00
2.815,4.06E-01
2.816,-1.16E+00
2.817,-2.79E+00
2.818,-3.92E+00
2.819,-4.33E+00
2.82,-4.00E+00
2.821,-3.32E+00
2.822,-2.60E+00
2.823,-2.23E+00
2.824,-2.22E+00
2.825,-2.51E+00
2.826,-2.75E+00
2.827,-2.72E+00
2.828,-2.26E+00
2.829,-1.55E+00
2.83,-8.59E-01
2.831,-6.37E-01
2.832,-1.10E+00
2.833,-2.34E+00
2.834,-3.96E+00
2.835,-5.51E+00
2.836,-6.31E+00
2.837,-6.01E+00
2.838,-4.52E+00
2.839,-2.27E+00
2.84,1.01E-01
2.841,1.71E+00
2.842,2.01E+00
2.843,7.23E-01
2.844,-1.76E+00
2.845,-4.74E+00
2.846,-7.21E+00
2.847,-8.40E+00
2.848,-7.84E+00
2.849,-5.73E+00
2.85,-2.69E+00
2.851,2.49E-01
2.852,2.20E+00
2.853,2.49E+00
2.854,1.12E+00
2.855,-1.50E+00
2.856,-4.43E+00
2.857,-6.81E+00
2.858,-7.85E+00
2.859,-7.36E+00
2.86,-5.57E+00
2.861,-3.19E+00
2.862,-9.71E-01
2.863,3.57E-01
2.864,5.23E-01
2.865,-4.20E-01
2.866,-1.97E+00
2.867,-3.58E+00
2.868,-4.67E+00
2.869,-5.04E+00
2.87,-4.69E+00
2.871,-3.98E+00
2.872,-3.25E+00
2.873,-2.85E+00
2.874,-2.83E+00
2.875,-3.10E+00
2.876,-3.31E+00
2.877,-3.26E+00
2.878,-2.77E+00
2.879,-2.03E+00
2.88,-1.32E+00
2.881,-1.08E+00
2.882,-1.54E+00
2.883,-2.76E+00
2.884,-4.37E+00
2.885,-5.88E+00
2.886,-6.64E+00
2.887,-6.30E+00
2.888,-4.77E+00
2.889,-2.48E+00
2.89,-1.01E-01
2.891,1.52E+00
2.892,1.81E+00
2.893,5.28E-01
2.894,-1.95E+00
2.895,-4.90E+00
2.896,-7.34E+00
2.897,-8.47E+00
2.898,-7.86E+00
2.899,-5.71E+00
2.9,-2.64E+00
2.901,3.21E-01
2.902,2.27E+00
2.903,2.56E+00
2.904,1.18E+00
2.905,-1.42E+00
2.906,-4.34E+00
2.907,-6.66E+00
2.908,-7.66E+00
2.909,-7.13E+00
2.91,-5.30E+00
2.911,-2.88E+00
2.912,-6.56E-01
2.913,6.83E-01
2.914,8.47E-01
2.915,-8.31E-02
2.916,-1.62E+00
2.917,-3.20E+00
2.918,-4.26E+00
2.919,-4.59E+00
2.92,-4.21E+00
2.921,-3.47E+00
2.922,-2.72E+00
2.923,-2.31E+00
2.924,-2.27E+00
2.925,-2.51E+00
2.926,-2.71E+00
2.927,-2.62E+00
2.928,-2.11E+00
2.929,-1.34E+00
2.93,-6.17E-01
2.931,-3.61E-01
2.932,-8.18E-01
2.933,-2.02E+00
2.934,-3.61E+00
2.935,-5.09E+00
2.936,-5.82E+00
2.937,-5.43E+00
2.938,-3.87E+00
2.939,-1.54E+00
2.94,8.47E-01
2.941,2.48E+00
2.942,2.75E+00
2.943,1.47E+00
2.944,-1.00E+00
2.945,-3.93E+00
2.946,-6.33E+00
2.947,-7.42E+00
2.948,-6.76E+00
2.949,-4.56E+00
2.95,-1.47E+00
2.951,1.50E+00
2.952,3.44E+00
2.953,3.72E+00
2.954,2.33E+00
2.955,-2.59E-01
2.956,-3.16E+00
2.957,-5.44E+00
2.958,-6.40E+00
2.959,-5.82E+00
2.96,-3.97E+00
2.961,-1.52E+00
2.962,7.06E-01
2.963,2.05E+00
2.964,2.20E+00
2.965,1.28E+00
2.966,-2.51E-01
2.967,-1.80E+00
2.968,-2.84E+00
2.969,-3.14E+00
2.97,-2.74E+00
2.971,-1.98E+00
2.972,-1.22E+00
2.973,-7.93E-01
2.974,-7.58E-01
2.975,-9.80E-01
2.976,-1.16E+00
2.977,-1.05E+00
2.978,-5.23E-01
2.979,2.65E-01
2.98,9.90E-01
2.981,1.25E+00
2.982,7.91E-01
2.983,-3.99E-01
2.984,-1.99E+00
2.985,-3.44E+00
2.986,-4.15E+00
2.987,-3.73E+00
2.988,-2.14E+00
2.989,2.06E-01
2.99,2.60E+00
2.991,4.22E+00
2.992,4.48E+00
2.993,3.19E+00
2.994,7.02E-01
2.995,-2.21E+00
2.996,-4.60E+00
2.997,-5.64E+00
2.998,-4.95E+00
2.999,-2.71E+00
